{
    "HEIGHT": 900,
    "ELASTICITY": 0.7,
    "BALL_RADIUS": 15,
    "NO_BALLS": 3,
    "WALL_WIDTH": 20,
    "FLIPPER_LENGTH": 60,
    "LAUNCH_ENERGY": 75,
    "MINIMAL_ENERGY": 53,
    "TUNNEL_SIZE": 33.0,
    "REACTION_TIME": 0.75,
    "BASE_WIDTH": 500,
    "WIDTH": 553,
    "BREAKING_POINT": [
        490,
        85
    ],
    "FLIPPER_ANGLE": -0.2617993877991494,
    "FLIPPER_X": 57.9555495773441,
    "FLIPPER_Y": 15.529142706151244,
    "BALL_POSITION": [
        516.5,
        857.5
    ],
    "GRAVITY": [
        0.0,
        981.0
    ],
    "TARGET_HEIGHT": 30.0,
    "TARGET_ANGLE": 1.0471975511965976,
    "WALLS": [
        [
            [
                0,
                10
            ],
            [
                553,
                10
            ],
            [
                168,
                107,
                35
            ],
            0,
            20,
            0.5,
            0.7,
            true,
            "wall_hit.wav"
        ],
        [
            [
                10,
                0
            ],
            [
                10,
                900
            ],
            [
                168,
                107,
                35
            ],
            0,
            20,
            0.5,
            0.7,
            true,
            "wall_hit.wav"
        ],
        [
            [
                543,
                0
            ],
            [
                543,
                900
            ],
            [
                168,
                107,
                35
            ],
            0,
            20,
            0.5,
            0.7,
            true,
            "wall_hit.wav"
        ],
        [
            [
                490,
                85
            ],
            [
                490,
                900
            ],
            [
                168,
                107,
                35
            ],
            0,
            20,
            0.5,
            0.7,
            true,
            "wall_hit.wav"
        ],
        [
            [
                500,
                890
            ],
            [
                553,
                890
            ],
            [
                168,
                107,
                35
            ],
            0,
            20,
            0.5,
            0.7,
            true,
            "wall_hit.wav"
        ],
        [
            [
                503.0,
                0
            ],
            [
                553,
                50.0
            ],
            [
                168,
                107,
                35
            ],
            0,
            20,
            0.5,
            0.7,
            true,
            "wall_hit.wav"
        ],
        [
            [
                503.0,
                0
            ],
            [
                553,
                50.0
            ],
            [
                168,
                107,
                35
            ],
            0,
            20,
            0.5,
            0.7,
            true,
            "wall_hit.wav"
        ],
        [
            [
                162.0444504226559,
                839.4708572938488
            ],
            [
                65.45186779374907,
                813.5889527835967
            ],
            [
                168,
                107,
                35
            ],
            0,
            13.0,
            0.5,
            0.7,
            true,
            "wall_hit.wav"
        ],
        [
            [
                337.9555495773441,
                839.4708572938488
            ],
            [
                434.5481322062509,
                813.5889527835967
            ],
            [
                168,
                107,
                35
            ],
            0,
            13.0,
            0.5,
            0.7,
            true,
            "wall_hit.wav"
        ],
        [
            [
                65.45186779374907,
                818.5889527835967
            ],
            [
                65.45186779374907,
                663.5889527835967
            ],
            [
                168,
                107,
                35
            ],
            0,
            13.0,
            0.5,
            0.7,
            true,
            "wall_hit.wav"
        ],
        [
            [
                434.5481322062509,
                818.5889527835967
            ],
            [
                434.5481322062509,
                663.5889527835967
            ],
            [
                168,
                107,
                35
            ],
            0,
            13.0,
            0.5,
            0.7,
            true,
            "wall_hit.wav"
        ],
        [
            [
                62.451867793749074,
                666.5889527835967
            ],
            [
                85.45186779374907,
                643.5889527835967
            ],
            [
                168,
                107,
                35
            ],
            0,
            13.0,
            0.5,
            0.7,
            true,
            "wall_hit.wav"
        ],
        [
            [
                437.5481322062509,
                666.5889527835967
            ],
            [
                414.5481322062509,
                643.5889527835967
            ],
            [
                168,
                107,
                35
            ],
            0,
            13.0,
            0.5,
            0.7,
            true,
            "wall_hit.wav"
        ],
        [
            [
                250,
                300
            ],
            [
                250,
                600
            ],
            [
                90,
                160,
                226
            ],
            200,
            20,
            0.5,
            1.4,
            true,
            "bell.wav"
        ]
    ],
    "BALLS": [
        [
            30,
            [
                166,
                225
            ],
            true,
            null,
            [
                90,
                160,
                226
            ],
            400,
            1.4,
            "bell.wav"
        ],
        [
            30,
            [
                334,
                225
            ],
            true,
            null,
            [
                90,
                160,
                226
            ],
            400,
            1.4,
            "bell.wav"
        ]
    ],
    "FLIPPERS": [
        [
            60,
            -0.2617993877991494,
            [
                337.9555495773441,
                839.4708572938488
            ],
            "right",
            [
                93,
                234,
                124
            ],
            0,
            0.7
        ],
        [
            60,
            -0.2617993877991494,
            [
                162.0444504226559,
                839.4708572938488
            ],
            "left",
            [
                93,
                234,
                124
            ],
            0,
            0.7
        ]
    ],