{
    "HEIGHT": 900,
    "ELASTICITY": 0.7,
    "BALL_RADIUS": 15,
    "NO_BALLS": 3,
    "WALL_WIDTH": 20,
    "FLIPPER_LENGTH": 60,
    "LAUNCH_ENERGY": 75,
    "MINIMAL_ENERGY": 53,
    "TUNNEL_SIZE": 33.0,
    "REACTION_TIME": 0.75,
    "BASE_WIDTH": 500,
    "WIDTH": 553,
    "BREAKING_POINT": [
        490,
        85
    ],
    "FLIPPER_ANGLE": -0.18919902209996817,
    "FLIPPER_X": 58.92931151352877,
    "FLIPPER_Y": 11.284336247271467,
    "BALL_POSITION": [
        516.5,
        857.5
    ],
    "GRAVITY": [
        0.0,
        981.0
    ],
    "TARGET_HEIGHT": 30.0,
    "TARGET_ANGLE": 1.0471975511965976,
    "TRIANGLES": [
        [
            [
                [
                    0,
                    900
                ],
                [
                    235,
                    900
                ],
                [
                    0,
                    855
                ]
            ],
            [
                255,
                255,
                255
            ],
            true,
            0.7
        ],
        [
            [
                [
                    265,
                    900
                ],
                [
                    500,
                    900
                ],
                [
                    500,
                    855
                ]
            ],
            [
                255,
                255,
                255
            ],
            true,
            0.7
        ]
    ],
    "WALLS": [
        [
            [
                250,
                300
            ],
            [
                250,
                600
            ],
            [
                202,
                163,
                6
            ],
            20,
            0.5,
            0.7,
            true
        ],
        [
            [
                543,
                0
            ],
            [
                543,
                900
            ],
            [
                255,
                255,
                255
            ],
            20,
            0.5,
            0.7,
            true
        ],
        [
            [
                10,
                0
            ],
            [
                10,
                900
            ],
            [
                255,
                255,
                255
            ],
            20,
            0.5,
            0.7,
            true
        ],
        [
            [
                0,
                10
            ],
            [
                553,
                10
            ],
            [
                255,
                255,
                255
            ],
            20,
            0.5,
            0.7,
            true
        ],
        [
            [
                490,
                85
            ],
            [
                490,
                900
            ],
            [
                255,
                255,
                255
            ],
            20,
            0.5,
            0.7,
            true
        ],
        [
            [
                500,
                890
            ],
            [
                553,
                890
            ],
            [
                255,
                255,
                255
            ],
            20,
            0.5,
            0.7,
            true
        ],
        [
            [
                503.0,
                0
            ],
            [
                553,
                50.0
            ],
            [
                255,
                255,
                255
            ],
            20,
            0.5,
            1.4,
            true
        ],
        [
            [
                161.07068848647123,
                843.7156637527286
            ],
            [
                62.855169297256595,
                824.9084366739428
            ],
            [
                255,
                255,
                255
            ],
            13.0,
            0.5,
            0.7,
            true
        ],
        [
            [
                338.9293115135288,
                843.7156637527286
            ],
            [
                437.14483070274343,
                824.9084366739428
            ],
            [
                255,
                255,
                255
            ],
            13.0,
            0.5,
            0.7,
            true
        ],
        [
            [
                62.855169297256595,
                829.9084366739428
            ],
            [
                62.855169297256595,
                674.9084366739428
            ],
            [
                255,
                255,
                255
            ],
            13.0,
            0.5,
            1.4,
            true
        ],
        [
            [
                437.14483070274343,
                829.9084366739428
            ],
            [
                437.14483070274343,
                674.9084366739428
            ],
            [
                255,
                255,
                255
            ],
            13.0,
            0.5,
            1.4,
            true
        ],
        [
            [
                59.855169297256595,
                677.9084366739428
            ],
            [
                82.8551692972566,
                654.9084366739428
            ],
            [
                255,
                255,
                255
            ],
            13.0,
            0.5,
            1.4,
            true
        ],
        [
            [
                440.14483070274343,
                677.9084366739428
            ],
            [
                417.14483070274343,
                654.9084366739428
            ],
            [
                255,
                255,
                255
            ],
            13.0,
            0.5,
            1.4,
            true
        ]
    ],
    "BALLS": [],
    "RIGHT_FLIPPERS": [
        [
            60,
            -0.18919902209996817,
            [
                338.9293115135288,
                843.7156637527286
            ],
            "right",
            [
                64,
                73,
                165
            ],
            0.7
        ]
    ],
    "LEFT_FLIPPERS": [
        [
            60,
            -0.18919902209996817,
            [
                161.07068848647123,
                843.7156637527286
            ],
            "left",
            [
                64,
                73,
                165
            ],
            0.7
        ]
    ],
    "OBSTACLES": [
        [
            30,
            [
                166,
                225
            ],
            true,
            null,
            [
                202,
                163,
                6
            ],
            1.4
        ],
        [
            30,
            [
                334,
                225
            ],
            true,
            null,
            [
                202,
                163,
                6
            ],
            1.4
        ]
    ],
    "POINTERS": [
        [
            5,
            [
                543,
                870.0
            ],
            true,
            null,
            [
                67,
                46,
                11
            ],
            0
        ]
    ],
    "MAIN_BALL": [
        15,
        [
            516.5,
            857.5
        ],
        false,
        null,
        [
            238,
            47,
            29
        ],
        0.7
    ],
    "BLOCKADE": [
        [
            490,
            0
        ],
        [
            490,
            85
        ],
        [
            255,
            255,
            255
        ],
        20,
        0.5,
        0.7,
        true
    ]
}